--------------------------------------------------------
--  File created - Sunday-December-11-2022   
--------------------------------------------------------
--------------------------------------------------------
--  DDL for Table ADOPTIVE_PARENTS
--------------------------------------------------------

  CREATE TABLE "ADMIN"."ADOPTIVE_PARENTS" 
   (	"ID" NUMBER(*,0), 
	"FIRSTNAME" VARCHAR2(30 BYTE) COLLATE "USING_NLS_COMP", 
	"LASTNAME" VARCHAR2(30 BYTE) COLLATE "USING_NLS_COMP", 
	"ADDRESS" VARCHAR2(100 BYTE) COLLATE "USING_NLS_COMP", 
	"NIN" NUMBER, 
	"OCCUPATION" VARCHAR2(50 BYTE) COLLATE "USING_NLS_COMP"
   )  DEFAULT COLLATION "USING_NLS_COMP" SEGMENT CREATION IMMEDIATE 
  PCTFREE 10 PCTUSED 40 INITRANS 10 MAXTRANS 255 
 COLUMN STORE COMPRESS FOR QUERY HIGH ROW LEVEL LOCKING LOGGING
  STORAGE(INITIAL 65536 NEXT 1048576 MINEXTENTS 1 MAXEXTENTS 2147483645
  PCTINCREASE 0 FREELISTS 1 FREELIST GROUPS 1
  BUFFER_POOL DEFAULT FLASH_CACHE DEFAULT CELL_FLASH_CACHE DEFAULT)
  TABLESPACE "DATA" ;
--------------------------------------------------------
--  DDL for Table ALUMNI
--------------------------------------------------------

  CREATE TABLE "ADMIN"."ALUMNI" 
   (	"ORPHANS_ID" NUMBER(*,0), 
	"ADOPTION_NUM" NUMBER(*,0), 
	"FIRSTNAME" VARCHAR2(30 BYTE) COLLATE "USING_NLS_COMP", 
	"LASTNAME" VARCHAR2(30 BYTE) COLLATE "USING_NLS_COMP", 
	"ADOPTIVE_PARENTS_ID" NUMBER(*,0)
   )  DEFAULT COLLATION "USING_NLS_COMP" SEGMENT CREATION IMMEDIATE 
  PCTFREE 10 PCTUSED 40 INITRANS 10 MAXTRANS 255 
 COLUMN STORE COMPRESS FOR QUERY HIGH ROW LEVEL LOCKING LOGGING
  STORAGE(INITIAL 65536 NEXT 1048576 MINEXTENTS 1 MAXEXTENTS 2147483645
  PCTINCREASE 0 FREELISTS 1 FREELIST GROUPS 1
  BUFFER_POOL DEFAULT FLASH_CACHE DEFAULT CELL_FLASH_CACHE DEFAULT)
  TABLESPACE "DATA" ;
--------------------------------------------------------
--  DDL for Table DEPT
--------------------------------------------------------

  CREATE TABLE "ADMIN"."DEPT" 
   (	"ID" NUMBER, 
	"DEPT_NAME" VARCHAR2(30 BYTE) COLLATE "USING_NLS_COMP"
   )  DEFAULT COLLATION "USING_NLS_COMP" SEGMENT CREATION IMMEDIATE 
  PCTFREE 10 PCTUSED 40 INITRANS 10 MAXTRANS 255 
 COLUMN STORE COMPRESS FOR QUERY HIGH ROW LEVEL LOCKING LOGGING
  STORAGE(INITIAL 65536 NEXT 1048576 MINEXTENTS 1 MAXEXTENTS 2147483645
  PCTINCREASE 0 FREELISTS 1 FREELIST GROUPS 1
  BUFFER_POOL DEFAULT FLASH_CACHE DEFAULT CELL_FLASH_CACHE DEFAULT)
  TABLESPACE "DATA" ;
--------------------------------------------------------
--  DDL for Table DONOR
--------------------------------------------------------

  CREATE TABLE "ADMIN"."DONOR" 
   (	"ID" NUMBER(*,0), 
	"FIRSTNAME" VARCHAR2(50 BYTE) COLLATE "USING_NLS_COMP", 
	"LASTNAME" VARCHAR2(50 BYTE) COLLATE "USING_NLS_COMP", 
	"PHONE" NUMBER(11,0), 
	"EMAIL" VARCHAR2(50 BYTE) COLLATE "USING_NLS_COMP", 
	"ADDRESS" VARCHAR2(150 BYTE) COLLATE "USING_NLS_COMP", 
	"NUM_OF_YEARS" NUMBER(*,0)
   )  DEFAULT COLLATION "USING_NLS_COMP" SEGMENT CREATION IMMEDIATE 
  PCTFREE 10 PCTUSED 40 INITRANS 10 MAXTRANS 255 
 COLUMN STORE COMPRESS FOR QUERY HIGH ROW LEVEL LOCKING LOGGING
  STORAGE(INITIAL 65536 NEXT 1048576 MINEXTENTS 1 MAXEXTENTS 2147483645
  PCTINCREASE 0 FREELISTS 1 FREELIST GROUPS 1
  BUFFER_POOL DEFAULT FLASH_CACHE DEFAULT CELL_FLASH_CACHE DEFAULT)
  TABLESPACE "DATA" ;
--------------------------------------------------------
--  DDL for Table ORPHANS
--------------------------------------------------------

  CREATE TABLE "ADMIN"."ORPHANS" 
   (	"ID" NUMBER(*,0), 
	"FIRSTNAME" VARCHAR2(50 BYTE) COLLATE "USING_NLS_COMP", 
	"LASTNAME" VARCHAR2(50 BYTE) COLLATE "USING_NLS_COMP", 
	"AGE" NUMBER, 
	"GENDER" VARCHAR2(30 BYTE) COLLATE "USING_NLS_COMP", 
	"DONOR_ID" NUMBER(*,0), 
	"PARENTS_ID" NUMBER(*,0)
   )  DEFAULT COLLATION "USING_NLS_COMP" SEGMENT CREATION IMMEDIATE 
  PCTFREE 10 PCTUSED 40 INITRANS 10 MAXTRANS 255 
 COLUMN STORE COMPRESS FOR QUERY HIGH ROW LEVEL LOCKING LOGGING
  STORAGE(INITIAL 65536 NEXT 1048576 MINEXTENTS 1 MAXEXTENTS 2147483645
  PCTINCREASE 0 FREELISTS 1 FREELIST GROUPS 1
  BUFFER_POOL DEFAULT FLASH_CACHE DEFAULT CELL_FLASH_CACHE DEFAULT)
  TABLESPACE "DATA" ;
--------------------------------------------------------
--  DDL for Table ORPHAN_DONOR
--------------------------------------------------------

  CREATE TABLE "ADMIN"."ORPHAN_DONOR" 
   (	"DONOR_ID" NUMBER(*,0), 
	"ORPHANS_ID" NUMBER(*,0)
   )  DEFAULT COLLATION "USING_NLS_COMP" SEGMENT CREATION IMMEDIATE 
  PCTFREE 10 PCTUSED 40 INITRANS 10 MAXTRANS 255 
 COLUMN STORE COMPRESS FOR QUERY HIGH ROW LEVEL LOCKING LOGGING
  STORAGE(INITIAL 65536 NEXT 1048576 MINEXTENTS 1 MAXEXTENTS 2147483645
  PCTINCREASE 0 FREELISTS 1 FREELIST GROUPS 1
  BUFFER_POOL DEFAULT FLASH_CACHE DEFAULT CELL_FLASH_CACHE DEFAULT)
  TABLESPACE "DATA" ;
--------------------------------------------------------
--  DDL for Table STAFF
--------------------------------------------------------

  CREATE TABLE "ADMIN"."STAFF" 
   (	"ID" NUMBER, 
	"FIRSTNAME" VARCHAR2(50 BYTE) COLLATE "USING_NLS_COMP", 
	"LASTNAME" VARCHAR2(50 BYTE) COLLATE "USING_NLS_COMP", 
	"GENDER" VARCHAR2(30 BYTE) COLLATE "USING_NLS_COMP", 
	"DEPT" VARCHAR2(50 BYTE) COLLATE "USING_NLS_COMP", 
	"DEPT_ID" NUMBER
   )  DEFAULT COLLATION "USING_NLS_COMP" SEGMENT CREATION IMMEDIATE 
  PCTFREE 10 PCTUSED 40 INITRANS 10 MAXTRANS 255 
 COLUMN STORE COMPRESS FOR QUERY HIGH ROW LEVEL LOCKING LOGGING
  STORAGE(INITIAL 65536 NEXT 1048576 MINEXTENTS 1 MAXEXTENTS 2147483645
  PCTINCREASE 0 FREELISTS 1 FREELIST GROUPS 1
  BUFFER_POOL DEFAULT FLASH_CACHE DEFAULT CELL_FLASH_CACHE DEFAULT)
  TABLESPACE "DATA" ;
--------------------------------------------------------
--  DDL for Table VOLUNTEERS
--------------------------------------------------------

  CREATE TABLE "ADMIN"."VOLUNTEERS" 
   (	"ID" NUMBER(*,0), 
	"FIRSTNAME" VARCHAR2(50 BYTE) COLLATE "USING_NLS_COMP", 
	"LASTNAME" VARCHAR2(50 BYTE) COLLATE "USING_NLS_COMP", 
	"EMAIL" VARCHAR2(50 BYTE) COLLATE "USING_NLS_COMP", 
	"PHONE" NUMBER(11,0), 
	"GENDER" VARCHAR2(30 BYTE) COLLATE "USING_NLS_COMP", 
	"NIN_NUM" NUMBER(16,0), 
	"NUM_OF_YEARS" NUMBER(*,0), 
	"DEPT" VARCHAR2(30 BYTE) COLLATE "USING_NLS_COMP", 
	"ADDRESS" VARCHAR2(100 BYTE) COLLATE "USING_NLS_COMP"
   )  DEFAULT COLLATION "USING_NLS_COMP" SEGMENT CREATION IMMEDIATE 
  PCTFREE 10 PCTUSED 40 INITRANS 10 MAXTRANS 255 
 COLUMN STORE COMPRESS FOR QUERY HIGH ROW LEVEL LOCKING LOGGING
  STORAGE(INITIAL 65536 NEXT 1048576 MINEXTENTS 1 MAXEXTENTS 2147483645
  PCTINCREASE 0 FREELISTS 1 FREELIST GROUPS 1
  BUFFER_POOL DEFAULT FLASH_CACHE DEFAULT CELL_FLASH_CACHE DEFAULT)
  TABLESPACE "DATA" ;
--------------------------------------------------------
--  DDL for Table VOL_DEPT
--------------------------------------------------------

  CREATE TABLE "ADMIN"."VOL_DEPT" 
   (	"VOLUNTEERS_ID" NUMBER(*,0), 
	"DEPT_ID" NUMBER
   )  DEFAULT COLLATION "USING_NLS_COMP" SEGMENT CREATION IMMEDIATE 
  PCTFREE 10 PCTUSED 40 INITRANS 10 MAXTRANS 255 
 COLUMN STORE COMPRESS FOR QUERY HIGH ROW LEVEL LOCKING LOGGING
  STORAGE(INITIAL 65536 NEXT 1048576 MINEXTENTS 1 MAXEXTENTS 2147483645
  PCTINCREASE 0 FREELISTS 1 FREELIST GROUPS 1
  BUFFER_POOL DEFAULT FLASH_CACHE DEFAULT CELL_FLASH_CACHE DEFAULT)
  TABLESPACE "DATA" ;
--------------------------------------------------------
--  DDL for View ALUMNI_PARENT
--------------------------------------------------------

  CREATE OR REPLACE FORCE EDITIONABLE VIEW "ADMIN"."ALUMNI_PARENT" ("FIRSTNAME", "LASTNAME", "PARENT_ID", "PARENT_FNAME", "PARENT_LNAME") DEFAULT COLLATION "USING_NLS_COMP"  AS 
  select alumni.firstname, alumni.lastname, adoptive_parents.id as parent_id, adoptive_parents.firstname as Parent_fname, 
adoptive_parents.lastname as Parent_lname from alumni 
Join adoptive_parents on alumni.adoptive_parents_id = adoptive_parents.id
;
--------------------------------------------------------
--  DDL for View ORPHANS_DONOR_VIEW
--------------------------------------------------------

  CREATE OR REPLACE FORCE EDITIONABLE VIEW "ADMIN"."ORPHANS_DONOR_VIEW" ("FIRSTNAME", "LASTNAME", "SPONSORER_ID", "DONOR_FNAME", "DONOR_LNAME") DEFAULT COLLATION "USING_NLS_COMP"  AS 
  select orphans.firstname, orphans.lastname, donor.id as sponsorer_id, donor.firstname as donor_fname, donor.lastname as donor_lname 
from orphans join donor on orphans.donor_id = donor.id
;
REM INSERTING into ADMIN.ADOPTIVE_PARENTS
SET DEFINE OFF;
Insert into ADMIN.ADOPTIVE_PARENTS (ID,FIRSTNAME,LASTNAME,ADDRESS,NIN,OCCUPATION) values (1,'jaja','opobo','34 opobo crescent lagos',1278934575823457,'lawyer');
Insert into ADMIN.ADOPTIVE_PARENTS (ID,FIRSTNAME,LASTNAME,ADDRESS,NIN,OCCUPATION) values (2,'feja','obobo','14 obobo avenue lagos',1278934574823457,'doctor');
Insert into ADMIN.ADOPTIVE_PARENTS (ID,FIRSTNAME,LASTNAME,ADDRESS,NIN,OCCUPATION) values (3,'kioanna','kotolo','26 okiki avenue lagos',1278984574823457,'engineer');
Insert into ADMIN.ADOPTIVE_PARENTS (ID,FIRSTNAME,LASTNAME,ADDRESS,NIN,OCCUPATION) values (4,'mane','kefa','99 kayin stree lagos',1278934574823657,'pilot');
Insert into ADMIN.ADOPTIVE_PARENTS (ID,FIRSTNAME,LASTNAME,ADDRESS,NIN,OCCUPATION) values (5,'akin','blaq','4 tafawa close lagos',1278434574823457,'politician');
REM INSERTING into ADMIN.ALUMNI
SET DEFINE OFF;
Insert into ADMIN.ALUMNI (ORPHANS_ID,ADOPTION_NUM,FIRSTNAME,LASTNAME,ADOPTIVE_PARENTS_ID) values (4,1,'teddy','white',1);
Insert into ADMIN.ALUMNI (ORPHANS_ID,ADOPTION_NUM,FIRSTNAME,LASTNAME,ADOPTIVE_PARENTS_ID) values (3,2,'kante','nbolo',2);
Insert into ADMIN.ALUMNI (ORPHANS_ID,ADOPTION_NUM,FIRSTNAME,LASTNAME,ADOPTIVE_PARENTS_ID) values (12,3,'arinola','joba',2);
Insert into ADMIN.ALUMNI (ORPHANS_ID,ADOPTION_NUM,FIRSTNAME,LASTNAME,ADOPTIVE_PARENTS_ID) values (11,4,'odense','buhari',3);
Insert into ADMIN.ALUMNI (ORPHANS_ID,ADOPTION_NUM,FIRSTNAME,LASTNAME,ADOPTIVE_PARENTS_ID) values (14,5,'kafaya','shitta',4);
Insert into ADMIN.ALUMNI (ORPHANS_ID,ADOPTION_NUM,FIRSTNAME,LASTNAME,ADOPTIVE_PARENTS_ID) values (13,6,'paul','jiji',5);
REM INSERTING into ADMIN.DEPT
SET DEFINE OFF;
Insert into ADMIN.DEPT (ID,DEPT_NAME) values (101,'education');
Insert into ADMIN.DEPT (ID,DEPT_NAME) values (102,'welfare');
Insert into ADMIN.DEPT (ID,DEPT_NAME) values (103,'music');
REM INSERTING into ADMIN.DONOR
SET DEFINE OFF;
Insert into ADMIN.DONOR (ID,FIRSTNAME,LASTNAME,PHONE,EMAIL,ADDRESS,NUM_OF_YEARS) values (1,'victor','oshiomah',6512344392,'oshivic@gmail.com','32 bankole street lagos',4);
Insert into ADMIN.DONOR (ID,FIRSTNAME,LASTNAME,PHONE,EMAIL,ADDRESS,NUM_OF_YEARS) values (3,'mercy','ikpe',7122344392,'mercy_ikpe@yahoo.com','141 tafawa crescent ibadan',3);
Insert into ADMIN.DONOR (ID,FIRSTNAME,LASTNAME,PHONE,EMAIL,ADDRESS,NUM_OF_YEARS) values (4,'grace','ileso',4412344392,'gracei@gmail.com','9 edaiken avenue lagos',2);
Insert into ADMIN.DONOR (ID,FIRSTNAME,LASTNAME,PHONE,EMAIL,ADDRESS,NUM_OF_YEARS) values (5,'jonathan','aigbedion',7122344392,'joe_aigbe@gmail.com','98 bode thomas street lagos',1);
Insert into ADMIN.DONOR (ID,FIRSTNAME,LASTNAME,PHONE,EMAIL,ADDRESS,NUM_OF_YEARS) values (2,'kemi','bada',6512344392,'badakem@bsg.com','49 bishi avenue lagos',4);
REM INSERTING into ADMIN.ORPHANS
SET DEFINE OFF;
Insert into ADMIN.ORPHANS (ID,FIRSTNAME,LASTNAME,AGE,GENDER,DONOR_ID,PARENTS_ID) values (1,'bola','fasho',12,'female',1,null);
Insert into ADMIN.ORPHANS (ID,FIRSTNAME,LASTNAME,AGE,GENDER,DONOR_ID,PARENTS_ID) values (2,'tolu','ijibi',11,'female',1,null);
Insert into ADMIN.ORPHANS (ID,FIRSTNAME,LASTNAME,AGE,GENDER,DONOR_ID,PARENTS_ID) values (5,'chizi','moses',10,'female',3,null);
Insert into ADMIN.ORPHANS (ID,FIRSTNAME,LASTNAME,AGE,GENDER,DONOR_ID,PARENTS_ID) values (6,'chioma','kanu',9,'female',4,null);
Insert into ADMIN.ORPHANS (ID,FIRSTNAME,LASTNAME,AGE,GENDER,DONOR_ID,PARENTS_ID) values (7,'job','jaja',11,'male',1,null);
Insert into ADMIN.ORPHANS (ID,FIRSTNAME,LASTNAME,AGE,GENDER,DONOR_ID,PARENTS_ID) values (8,'nasiru','okinosun',10,'male',5,null);
Insert into ADMIN.ORPHANS (ID,FIRSTNAME,LASTNAME,AGE,GENDER,DONOR_ID,PARENTS_ID) values (9,'timilehin','kunbi',11,'male',null,null);
Insert into ADMIN.ORPHANS (ID,FIRSTNAME,LASTNAME,AGE,GENDER,DONOR_ID,PARENTS_ID) values (10,'bode','orji',12,'male',null,null);
Insert into ADMIN.ORPHANS (ID,FIRSTNAME,LASTNAME,AGE,GENDER,DONOR_ID,PARENTS_ID) values (3,'kante','nbolo',12,'male',null,2);
Insert into ADMIN.ORPHANS (ID,FIRSTNAME,LASTNAME,AGE,GENDER,DONOR_ID,PARENTS_ID) values (4,'teddy','white',11,'male',null,1);
Insert into ADMIN.ORPHANS (ID,FIRSTNAME,LASTNAME,AGE,GENDER,DONOR_ID,PARENTS_ID) values (11,'odense','buhari',11,'female',null,3);
Insert into ADMIN.ORPHANS (ID,FIRSTNAME,LASTNAME,AGE,GENDER,DONOR_ID,PARENTS_ID) values (12,'arinola','joba',10,'female',null,2);
Insert into ADMIN.ORPHANS (ID,FIRSTNAME,LASTNAME,AGE,GENDER,DONOR_ID,PARENTS_ID) values (13,'paul','jiji',10,'male',null,5);
Insert into ADMIN.ORPHANS (ID,FIRSTNAME,LASTNAME,AGE,GENDER,DONOR_ID,PARENTS_ID) values (14,'kafaya','shitta',12,'female',null,4);
REM INSERTING into ADMIN.ORPHAN_DONOR
SET DEFINE OFF;
Insert into ADMIN.ORPHAN_DONOR (DONOR_ID,ORPHANS_ID) values (1,1);
Insert into ADMIN.ORPHAN_DONOR (DONOR_ID,ORPHANS_ID) values (1,2);
Insert into ADMIN.ORPHAN_DONOR (DONOR_ID,ORPHANS_ID) values (1,7);
Insert into ADMIN.ORPHAN_DONOR (DONOR_ID,ORPHANS_ID) values (3,5);
Insert into ADMIN.ORPHAN_DONOR (DONOR_ID,ORPHANS_ID) values (4,6);
Insert into ADMIN.ORPHAN_DONOR (DONOR_ID,ORPHANS_ID) values (5,8);
REM INSERTING into ADMIN.STAFF
SET DEFINE OFF;
Insert into ADMIN.STAFF (ID,FIRSTNAME,LASTNAME,GENDER,DEPT,DEPT_ID) values (1001,'travis','greene','male','education',101);
Insert into ADMIN.STAFF (ID,FIRSTNAME,LASTNAME,GENDER,DEPT,DEPT_ID) values (1002,'bose','eweje','female','welfare',102);
Insert into ADMIN.STAFF (ID,FIRSTNAME,LASTNAME,GENDER,DEPT,DEPT_ID) values (1003,'ini','akap','female','education',101);
Insert into ADMIN.STAFF (ID,FIRSTNAME,LASTNAME,GENDER,DEPT,DEPT_ID) values (1004,'olusa','ajonbi','male','welfare',102);
Insert into ADMIN.STAFF (ID,FIRSTNAME,LASTNAME,GENDER,DEPT,DEPT_ID) values (1005,'benny','kouala','female','music',103);
Insert into ADMIN.STAFF (ID,FIRSTNAME,LASTNAME,GENDER,DEPT,DEPT_ID) values (1006,'jen','schar','female','education',101);
REM INSERTING into ADMIN.VOLUNTEERS
SET DEFINE OFF;
Insert into ADMIN.VOLUNTEERS (ID,FIRSTNAME,LASTNAME,EMAIL,PHONE,GENDER,NIN_NUM,NUM_OF_YEARS,DEPT,ADDRESS) values (1,'bambi','jidenna','bambjid@gmail.com',6212344392,'female',1234567891011121,4,'welfare','119 thompson avenue lagos');
Insert into ADMIN.VOLUNTEERS (ID,FIRSTNAME,LASTNAME,EMAIL,PHONE,GENDER,NIN_NUM,NUM_OF_YEARS,DEPT,ADDRESS) values (2,'jordan','davies','jordandav@gmail.com',6212345392,'male',1534967891011121,4,'education','9 cheovore street lagos');
Insert into ADMIN.VOLUNTEERS (ID,FIRSTNAME,LASTNAME,EMAIL,PHONE,GENDER,NIN_NUM,NUM_OF_YEARS,DEPT,ADDRESS) values (3,'karee','buzaj','buzak@gmail.com',6512347392,'female',1934967891011221,3,'music','34 bisi emmanuel street lagos');
Insert into ADMIN.VOLUNTEERS (ID,FIRSTNAME,LASTNAME,EMAIL,PHONE,GENDER,NIN_NUM,NUM_OF_YEARS,DEPT,ADDRESS) values (4,'joba','adekanye','adejoba@ymail.com',7112347392,'female',1834997891011221,2,'music','41 onabisi ade street lagos');
REM INSERTING into ADMIN.VOL_DEPT
SET DEFINE OFF;
Insert into ADMIN.VOL_DEPT (VOLUNTEERS_ID,DEPT_ID) values (1,102);
Insert into ADMIN.VOL_DEPT (VOLUNTEERS_ID,DEPT_ID) values (2,101);
Insert into ADMIN.VOL_DEPT (VOLUNTEERS_ID,DEPT_ID) values (3,103);
Insert into ADMIN.VOL_DEPT (VOLUNTEERS_ID,DEPT_ID) values (4,103);
REM INSERTING into ADMIN.ALUMNI_PARENT
SET DEFINE OFF;
Insert into ADMIN.ALUMNI_PARENT (FIRSTNAME,LASTNAME,PARENT_ID,PARENT_FNAME,PARENT_LNAME) values ('teddy','white',1,'jaja','opobo');
Insert into ADMIN.ALUMNI_PARENT (FIRSTNAME,LASTNAME,PARENT_ID,PARENT_FNAME,PARENT_LNAME) values ('kante','nbolo',2,'feja','obobo');
Insert into ADMIN.ALUMNI_PARENT (FIRSTNAME,LASTNAME,PARENT_ID,PARENT_FNAME,PARENT_LNAME) values ('arinola','joba',2,'feja','obobo');
Insert into ADMIN.ALUMNI_PARENT (FIRSTNAME,LASTNAME,PARENT_ID,PARENT_FNAME,PARENT_LNAME) values ('odense','buhari',3,'kioanna','kotolo');
Insert into ADMIN.ALUMNI_PARENT (FIRSTNAME,LASTNAME,PARENT_ID,PARENT_FNAME,PARENT_LNAME) values ('kafaya','shitta',4,'mane','kefa');
Insert into ADMIN.ALUMNI_PARENT (FIRSTNAME,LASTNAME,PARENT_ID,PARENT_FNAME,PARENT_LNAME) values ('paul','jiji',5,'akin','blaq');
REM INSERTING into ADMIN.ORPHANS_DONOR_VIEW
SET DEFINE OFF;
Insert into ADMIN.ORPHANS_DONOR_VIEW (FIRSTNAME,LASTNAME,SPONSORER_ID,DONOR_FNAME,DONOR_LNAME) values ('bola','fasho',1,'victor','oshiomah');
Insert into ADMIN.ORPHANS_DONOR_VIEW (FIRSTNAME,LASTNAME,SPONSORER_ID,DONOR_FNAME,DONOR_LNAME) values ('tolu','ijibi',1,'victor','oshiomah');
Insert into ADMIN.ORPHANS_DONOR_VIEW (FIRSTNAME,LASTNAME,SPONSORER_ID,DONOR_FNAME,DONOR_LNAME) values ('chizi','moses',3,'mercy','ikpe');
Insert into ADMIN.ORPHANS_DONOR_VIEW (FIRSTNAME,LASTNAME,SPONSORER_ID,DONOR_FNAME,DONOR_LNAME) values ('chioma','kanu',4,'grace','ileso');
Insert into ADMIN.ORPHANS_DONOR_VIEW (FIRSTNAME,LASTNAME,SPONSORER_ID,DONOR_FNAME,DONOR_LNAME) values ('job','jaja',1,'victor','oshiomah');
Insert into ADMIN.ORPHANS_DONOR_VIEW (FIRSTNAME,LASTNAME,SPONSORER_ID,DONOR_FNAME,DONOR_LNAME) values ('nasiru','okinosun',5,'jonathan','aigbedion');
--------------------------------------------------------
--  DDL for Index ADOPTIVE_PARENTS_PK
--------------------------------------------------------

  CREATE UNIQUE INDEX "ADMIN"."ADOPTIVE_PARENTS_PK" ON "ADMIN"."ADOPTIVE_PARENTS" ("ID") 
  PCTFREE 10 INITRANS 20 MAXTRANS 255 COMPUTE STATISTICS 
  STORAGE(INITIAL 65536 NEXT 1048576 MINEXTENTS 1 MAXEXTENTS 2147483645
  PCTINCREASE 0 FREELISTS 1 FREELIST GROUPS 1
  BUFFER_POOL DEFAULT FLASH_CACHE DEFAULT CELL_FLASH_CACHE DEFAULT)
  TABLESPACE "DATA" ;
--------------------------------------------------------
--  DDL for Index ALUMNI_PKV1
--------------------------------------------------------

  CREATE UNIQUE INDEX "ADMIN"."ALUMNI_PKV1" ON "ADMIN"."ALUMNI" ("ADOPTION_NUM") 
  PCTFREE 10 INITRANS 20 MAXTRANS 255 COMPUTE STATISTICS 
  STORAGE(INITIAL 65536 NEXT 1048576 MINEXTENTS 1 MAXEXTENTS 2147483645
  PCTINCREASE 0 FREELISTS 1 FREELIST GROUPS 1
  BUFFER_POOL DEFAULT FLASH_CACHE DEFAULT CELL_FLASH_CACHE DEFAULT)
  TABLESPACE "DATA" ;
--------------------------------------------------------
--  DDL for Index DONOR_PK
--------------------------------------------------------

  CREATE UNIQUE INDEX "ADMIN"."DONOR_PK" ON "ADMIN"."DONOR" ("ID") 
  PCTFREE 10 INITRANS 20 MAXTRANS 255 COMPUTE STATISTICS 
  STORAGE(INITIAL 65536 NEXT 1048576 MINEXTENTS 1 MAXEXTENTS 2147483645
  PCTINCREASE 0 FREELISTS 1 FREELIST GROUPS 1
  BUFFER_POOL DEFAULT FLASH_CACHE DEFAULT CELL_FLASH_CACHE DEFAULT)
  TABLESPACE "DATA" ;
--------------------------------------------------------
--  DDL for Index ORPHANS_PK
--------------------------------------------------------

  CREATE UNIQUE INDEX "ADMIN"."ORPHANS_PK" ON "ADMIN"."ORPHANS" ("ID") 
  PCTFREE 10 INITRANS 20 MAXTRANS 255 COMPUTE STATISTICS 
  STORAGE(INITIAL 65536 NEXT 1048576 MINEXTENTS 1 MAXEXTENTS 2147483645
  PCTINCREASE 0 FREELISTS 1 FREELIST GROUPS 1
  BUFFER_POOL DEFAULT FLASH_CACHE DEFAULT CELL_FLASH_CACHE DEFAULT)
  TABLESPACE "DATA" ;
--------------------------------------------------------
--  DDL for Index ORPHAN_DONOR_PK
--------------------------------------------------------

  CREATE UNIQUE INDEX "ADMIN"."ORPHAN_DONOR_PK" ON "ADMIN"."ORPHAN_DONOR" ("DONOR_ID", "ORPHANS_ID") 
  PCTFREE 10 INITRANS 20 MAXTRANS 255 COMPUTE STATISTICS 
  STORAGE(INITIAL 65536 NEXT 1048576 MINEXTENTS 1 MAXEXTENTS 2147483645
  PCTINCREASE 0 FREELISTS 1 FREELIST GROUPS 1
  BUFFER_POOL DEFAULT FLASH_CACHE DEFAULT CELL_FLASH_CACHE DEFAULT)
  TABLESPACE "DATA" ;
--------------------------------------------------------
--  DDL for Index STAFF_PK
--------------------------------------------------------

  CREATE UNIQUE INDEX "ADMIN"."STAFF_PK" ON "ADMIN"."STAFF" ("ID") 
  PCTFREE 10 INITRANS 20 MAXTRANS 255 COMPUTE STATISTICS 
  STORAGE(INITIAL 65536 NEXT 1048576 MINEXTENTS 1 MAXEXTENTS 2147483645
  PCTINCREASE 0 FREELISTS 1 FREELIST GROUPS 1
  BUFFER_POOL DEFAULT FLASH_CACHE DEFAULT CELL_FLASH_CACHE DEFAULT)
  TABLESPACE "DATA" ;
--------------------------------------------------------
--  DDL for Index SYS_C0021897
--------------------------------------------------------

  CREATE UNIQUE INDEX "ADMIN"."SYS_C0021897" ON "ADMIN"."DEPT" ("ID") 
  PCTFREE 10 INITRANS 20 MAXTRANS 255 COMPUTE STATISTICS 
  STORAGE(INITIAL 65536 NEXT 1048576 MINEXTENTS 1 MAXEXTENTS 2147483645
  PCTINCREASE 0 FREELISTS 1 FREELIST GROUPS 1
  BUFFER_POOL DEFAULT FLASH_CACHE DEFAULT CELL_FLASH_CACHE DEFAULT)
  TABLESPACE "DATA" ;
--------------------------------------------------------
--  DDL for Index SYS_C0021939
--------------------------------------------------------

  CREATE UNIQUE INDEX "ADMIN"."SYS_C0021939" ON "ADMIN"."ALUMNI" ("ORPHANS_ID") 
  PCTFREE 10 INITRANS 20 MAXTRANS 255 
  STORAGE(INITIAL 65536 NEXT 1048576 MINEXTENTS 1 MAXEXTENTS 2147483645
  PCTINCREASE 0 FREELISTS 1 FREELIST GROUPS 1
  BUFFER_POOL DEFAULT FLASH_CACHE DEFAULT CELL_FLASH_CACHE DEFAULT)
  TABLESPACE "DATA" ;
--------------------------------------------------------
--  DDL for Index VOLUNTEERS_PK
--------------------------------------------------------

  CREATE UNIQUE INDEX "ADMIN"."VOLUNTEERS_PK" ON "ADMIN"."VOLUNTEERS" ("ID") 
  PCTFREE 10 INITRANS 20 MAXTRANS 255 COMPUTE STATISTICS 
  STORAGE(INITIAL 65536 NEXT 1048576 MINEXTENTS 1 MAXEXTENTS 2147483645
  PCTINCREASE 0 FREELISTS 1 FREELIST GROUPS 1
  BUFFER_POOL DEFAULT FLASH_CACHE DEFAULT CELL_FLASH_CACHE DEFAULT)
  TABLESPACE "DATA" ;
--------------------------------------------------------
--  DDL for Index VOL_DEPT_PK
--------------------------------------------------------

  CREATE UNIQUE INDEX "ADMIN"."VOL_DEPT_PK" ON "ADMIN"."VOL_DEPT" ("VOLUNTEERS_ID", "DEPT_ID") 
  PCTFREE 10 INITRANS 20 MAXTRANS 255 COMPUTE STATISTICS 
  STORAGE(INITIAL 65536 NEXT 1048576 MINEXTENTS 1 MAXEXTENTS 2147483645
  PCTINCREASE 0 FREELISTS 1 FREELIST GROUPS 1
  BUFFER_POOL DEFAULT FLASH_CACHE DEFAULT CELL_FLASH_CACHE DEFAULT)
  TABLESPACE "DATA" ;
--------------------------------------------------------
--  DDL for Index ADOPTIVE_PARENTS_PK
--------------------------------------------------------

  CREATE UNIQUE INDEX "ADMIN"."ADOPTIVE_PARENTS_PK" ON "ADMIN"."ADOPTIVE_PARENTS" ("ID") 
  PCTFREE 10 INITRANS 20 MAXTRANS 255 COMPUTE STATISTICS 
  STORAGE(INITIAL 65536 NEXT 1048576 MINEXTENTS 1 MAXEXTENTS 2147483645
  PCTINCREASE 0 FREELISTS 1 FREELIST GROUPS 1
  BUFFER_POOL DEFAULT FLASH_CACHE DEFAULT CELL_FLASH_CACHE DEFAULT)
  TABLESPACE "DATA" ;
--------------------------------------------------------
--  DDL for Index SYS_C0021939
--------------------------------------------------------

  CREATE UNIQUE INDEX "ADMIN"."SYS_C0021939" ON "ADMIN"."ALUMNI" ("ORPHANS_ID") 
  PCTFREE 10 INITRANS 20 MAXTRANS 255 
  STORAGE(INITIAL 65536 NEXT 1048576 MINEXTENTS 1 MAXEXTENTS 2147483645
  PCTINCREASE 0 FREELISTS 1 FREELIST GROUPS 1
  BUFFER_POOL DEFAULT FLASH_CACHE DEFAULT CELL_FLASH_CACHE DEFAULT)
  TABLESPACE "DATA" ;
--------------------------------------------------------
--  DDL for Index ALUMNI_PKV1
--------------------------------------------------------

  CREATE UNIQUE INDEX "ADMIN"."ALUMNI_PKV1" ON "ADMIN"."ALUMNI" ("ADOPTION_NUM") 
  PCTFREE 10 INITRANS 20 MAXTRANS 255 COMPUTE STATISTICS 
  STORAGE(INITIAL 65536 NEXT 1048576 MINEXTENTS 1 MAXEXTENTS 2147483645
  PCTINCREASE 0 FREELISTS 1 FREELIST GROUPS 1
  BUFFER_POOL DEFAULT FLASH_CACHE DEFAULT CELL_FLASH_CACHE DEFAULT)
  TABLESPACE "DATA" ;
--------------------------------------------------------
--  DDL for Index SYS_C0021897
--------------------------------------------------------

  CREATE UNIQUE INDEX "ADMIN"."SYS_C0021897" ON "ADMIN"."DEPT" ("ID") 
  PCTFREE 10 INITRANS 20 MAXTRANS 255 COMPUTE STATISTICS 
  STORAGE(INITIAL 65536 NEXT 1048576 MINEXTENTS 1 MAXEXTENTS 2147483645
  PCTINCREASE 0 FREELISTS 1 FREELIST GROUPS 1
  BUFFER_POOL DEFAULT FLASH_CACHE DEFAULT CELL_FLASH_CACHE DEFAULT)
  TABLESPACE "DATA" ;
--------------------------------------------------------
--  DDL for Index DONOR_PK
--------------------------------------------------------

  CREATE UNIQUE INDEX "ADMIN"."DONOR_PK" ON "ADMIN"."DONOR" ("ID") 
  PCTFREE 10 INITRANS 20 MAXTRANS 255 COMPUTE STATISTICS 
  STORAGE(INITIAL 65536 NEXT 1048576 MINEXTENTS 1 MAXEXTENTS 2147483645
  PCTINCREASE 0 FREELISTS 1 FREELIST GROUPS 1
  BUFFER_POOL DEFAULT FLASH_CACHE DEFAULT CELL_FLASH_CACHE DEFAULT)
  TABLESPACE "DATA" ;
--------------------------------------------------------
--  DDL for Index ORPHANS_PK
--------------------------------------------------------

  CREATE UNIQUE INDEX "ADMIN"."ORPHANS_PK" ON "ADMIN"."ORPHANS" ("ID") 
  PCTFREE 10 INITRANS 20 MAXTRANS 255 COMPUTE STATISTICS 
  STORAGE(INITIAL 65536 NEXT 1048576 MINEXTENTS 1 MAXEXTENTS 2147483645
  PCTINCREASE 0 FREELISTS 1 FREELIST GROUPS 1
  BUFFER_POOL DEFAULT FLASH_CACHE DEFAULT CELL_FLASH_CACHE DEFAULT)
  TABLESPACE "DATA" ;
--------------------------------------------------------
--  DDL for Index ORPHAN_DONOR_PK
--------------------------------------------------------

  CREATE UNIQUE INDEX "ADMIN"."ORPHAN_DONOR_PK" ON "ADMIN"."ORPHAN_DONOR" ("DONOR_ID", "ORPHANS_ID") 
  PCTFREE 10 INITRANS 20 MAXTRANS 255 COMPUTE STATISTICS 
  STORAGE(INITIAL 65536 NEXT 1048576 MINEXTENTS 1 MAXEXTENTS 2147483645
  PCTINCREASE 0 FREELISTS 1 FREELIST GROUPS 1
  BUFFER_POOL DEFAULT FLASH_CACHE DEFAULT CELL_FLASH_CACHE DEFAULT)
  TABLESPACE "DATA" ;
--------------------------------------------------------
--  DDL for Index STAFF_PK
--------------------------------------------------------

  CREATE UNIQUE INDEX "ADMIN"."STAFF_PK" ON "ADMIN"."STAFF" ("ID") 
  PCTFREE 10 INITRANS 20 MAXTRANS 255 COMPUTE STATISTICS 
  STORAGE(INITIAL 65536 NEXT 1048576 MINEXTENTS 1 MAXEXTENTS 2147483645
  PCTINCREASE 0 FREELISTS 1 FREELIST GROUPS 1
  BUFFER_POOL DEFAULT FLASH_CACHE DEFAULT CELL_FLASH_CACHE DEFAULT)
  TABLESPACE "DATA" ;
--------------------------------------------------------
--  DDL for Index VOLUNTEERS_PK
--------------------------------------------------------

  CREATE UNIQUE INDEX "ADMIN"."VOLUNTEERS_PK" ON "ADMIN"."VOLUNTEERS" ("ID") 
  PCTFREE 10 INITRANS 20 MAXTRANS 255 COMPUTE STATISTICS 
  STORAGE(INITIAL 65536 NEXT 1048576 MINEXTENTS 1 MAXEXTENTS 2147483645
  PCTINCREASE 0 FREELISTS 1 FREELIST GROUPS 1
  BUFFER_POOL DEFAULT FLASH_CACHE DEFAULT CELL_FLASH_CACHE DEFAULT)
  TABLESPACE "DATA" ;
--------------------------------------------------------
--  DDL for Index VOL_DEPT_PK
--------------------------------------------------------

  CREATE UNIQUE INDEX "ADMIN"."VOL_DEPT_PK" ON "ADMIN"."VOL_DEPT" ("VOLUNTEERS_ID", "DEPT_ID") 
  PCTFREE 10 INITRANS 20 MAXTRANS 255 COMPUTE STATISTICS 
  STORAGE(INITIAL 65536 NEXT 1048576 MINEXTENTS 1 MAXEXTENTS 2147483645
  PCTINCREASE 0 FREELISTS 1 FREELIST GROUPS 1
  BUFFER_POOL DEFAULT FLASH_CACHE DEFAULT CELL_FLASH_CACHE DEFAULT)
  TABLESPACE "DATA" ;
--------------------------------------------------------
--  Constraints for Table ADOPTIVE_PARENTS
--------------------------------------------------------

  ALTER TABLE "ADMIN"."ADOPTIVE_PARENTS" MODIFY ("ID" NOT NULL ENABLE);
  ALTER TABLE "ADMIN"."ADOPTIVE_PARENTS" MODIFY ("FIRSTNAME" NOT NULL ENABLE);
  ALTER TABLE "ADMIN"."ADOPTIVE_PARENTS" MODIFY ("LASTNAME" NOT NULL ENABLE);
  ALTER TABLE "ADMIN"."ADOPTIVE_PARENTS" MODIFY ("ADDRESS" NOT NULL ENABLE);
  ALTER TABLE "ADMIN"."ADOPTIVE_PARENTS" MODIFY ("NIN" NOT NULL ENABLE);
  ALTER TABLE "ADMIN"."ADOPTIVE_PARENTS" ADD CONSTRAINT "ADOPTIVE_PARENTS_PK" PRIMARY KEY ("ID")
  USING INDEX PCTFREE 10 INITRANS 20 MAXTRANS 255 COMPUTE STATISTICS 
  STORAGE(INITIAL 65536 NEXT 1048576 MINEXTENTS 1 MAXEXTENTS 2147483645
  PCTINCREASE 0 FREELISTS 1 FREELIST GROUPS 1
  BUFFER_POOL DEFAULT FLASH_CACHE DEFAULT CELL_FLASH_CACHE DEFAULT)
  TABLESPACE "DATA"  ENABLE;
--------------------------------------------------------
--  Constraints for Table ALUMNI
--------------------------------------------------------

  ALTER TABLE "ADMIN"."ALUMNI" MODIFY ("ORPHANS_ID" NOT NULL ENABLE);
  ALTER TABLE "ADMIN"."ALUMNI" MODIFY ("ADOPTION_NUM" NOT NULL ENABLE);
  ALTER TABLE "ADMIN"."ALUMNI" MODIFY ("FIRSTNAME" NOT NULL ENABLE);
  ALTER TABLE "ADMIN"."ALUMNI" MODIFY ("LASTNAME" NOT NULL ENABLE);
  ALTER TABLE "ADMIN"."ALUMNI" MODIFY ("ADOPTIVE_PARENTS_ID" NOT NULL ENABLE);
  ALTER TABLE "ADMIN"."ALUMNI" ADD PRIMARY KEY ("ORPHANS_ID")
  USING INDEX PCTFREE 10 INITRANS 20 MAXTRANS 255 
  STORAGE(INITIAL 65536 NEXT 1048576 MINEXTENTS 1 MAXEXTENTS 2147483645
  PCTINCREASE 0 FREELISTS 1 FREELIST GROUPS 1
  BUFFER_POOL DEFAULT FLASH_CACHE DEFAULT CELL_FLASH_CACHE DEFAULT)
  TABLESPACE "DATA"  ENABLE;
  ALTER TABLE "ADMIN"."ALUMNI" ADD CONSTRAINT "ALUMNI_PKV1" UNIQUE ("ADOPTION_NUM")
  USING INDEX PCTFREE 10 INITRANS 20 MAXTRANS 255 COMPUTE STATISTICS 
  STORAGE(INITIAL 65536 NEXT 1048576 MINEXTENTS 1 MAXEXTENTS 2147483645
  PCTINCREASE 0 FREELISTS 1 FREELIST GROUPS 1
  BUFFER_POOL DEFAULT FLASH_CACHE DEFAULT CELL_FLASH_CACHE DEFAULT)
  TABLESPACE "DATA"  ENABLE;
--------------------------------------------------------
--  Constraints for Table DEPT
--------------------------------------------------------

  ALTER TABLE "ADMIN"."DEPT" MODIFY ("ID" NOT NULL ENABLE);
  ALTER TABLE "ADMIN"."DEPT" MODIFY ("DEPT_NAME" NOT NULL ENABLE);
  ALTER TABLE "ADMIN"."DEPT" ADD PRIMARY KEY ("ID")
  USING INDEX PCTFREE 10 INITRANS 20 MAXTRANS 255 COMPUTE STATISTICS 
  STORAGE(INITIAL 65536 NEXT 1048576 MINEXTENTS 1 MAXEXTENTS 2147483645
  PCTINCREASE 0 FREELISTS 1 FREELIST GROUPS 1
  BUFFER_POOL DEFAULT FLASH_CACHE DEFAULT CELL_FLASH_CACHE DEFAULT)
  TABLESPACE "DATA"  ENABLE;
--------------------------------------------------------
--  Constraints for Table DONOR
--------------------------------------------------------

  ALTER TABLE "ADMIN"."DONOR" MODIFY ("ID" NOT NULL ENABLE);
  ALTER TABLE "ADMIN"."DONOR" MODIFY ("FIRSTNAME" NOT NULL ENABLE);
  ALTER TABLE "ADMIN"."DONOR" MODIFY ("LASTNAME" NOT NULL ENABLE);
  ALTER TABLE "ADMIN"."DONOR" MODIFY ("PHONE" NOT NULL ENABLE);
  ALTER TABLE "ADMIN"."DONOR" MODIFY ("EMAIL" NOT NULL ENABLE);
  ALTER TABLE "ADMIN"."DONOR" MODIFY ("ADDRESS" NOT NULL ENABLE);
  ALTER TABLE "ADMIN"."DONOR" ADD CONSTRAINT "DONOR_PK" PRIMARY KEY ("ID")
  USING INDEX PCTFREE 10 INITRANS 20 MAXTRANS 255 COMPUTE STATISTICS 
  STORAGE(INITIAL 65536 NEXT 1048576 MINEXTENTS 1 MAXEXTENTS 2147483645
  PCTINCREASE 0 FREELISTS 1 FREELIST GROUPS 1
  BUFFER_POOL DEFAULT FLASH_CACHE DEFAULT CELL_FLASH_CACHE DEFAULT)
  TABLESPACE "DATA"  ENABLE;
--------------------------------------------------------
--  Constraints for Table ORPHANS
--------------------------------------------------------

  ALTER TABLE "ADMIN"."ORPHANS" MODIFY ("ID" NOT NULL ENABLE);
  ALTER TABLE "ADMIN"."ORPHANS" MODIFY ("FIRSTNAME" NOT NULL ENABLE);
  ALTER TABLE "ADMIN"."ORPHANS" MODIFY ("LASTNAME" NOT NULL ENABLE);
  ALTER TABLE "ADMIN"."ORPHANS" MODIFY ("AGE" NOT NULL ENABLE);
  ALTER TABLE "ADMIN"."ORPHANS" MODIFY ("GENDER" NOT NULL ENABLE);
  ALTER TABLE "ADMIN"."ORPHANS" ADD CONSTRAINT "ORPHANS_PK" PRIMARY KEY ("ID")
  USING INDEX PCTFREE 10 INITRANS 20 MAXTRANS 255 COMPUTE STATISTICS 
  STORAGE(INITIAL 65536 NEXT 1048576 MINEXTENTS 1 MAXEXTENTS 2147483645
  PCTINCREASE 0 FREELISTS 1 FREELIST GROUPS 1
  BUFFER_POOL DEFAULT FLASH_CACHE DEFAULT CELL_FLASH_CACHE DEFAULT)
  TABLESPACE "DATA"  ENABLE;
--------------------------------------------------------
--  Constraints for Table ORPHAN_DONOR
--------------------------------------------------------

  ALTER TABLE "ADMIN"."ORPHAN_DONOR" MODIFY ("DONOR_ID" NOT NULL ENABLE);
  ALTER TABLE "ADMIN"."ORPHAN_DONOR" MODIFY ("ORPHANS_ID" NOT NULL ENABLE);
  ALTER TABLE "ADMIN"."ORPHAN_DONOR" ADD CONSTRAINT "ORPHAN_DONOR_PK" PRIMARY KEY ("DONOR_ID", "ORPHANS_ID")
  USING INDEX PCTFREE 10 INITRANS 20 MAXTRANS 255 COMPUTE STATISTICS 
  STORAGE(INITIAL 65536 NEXT 1048576 MINEXTENTS 1 MAXEXTENTS 2147483645
  PCTINCREASE 0 FREELISTS 1 FREELIST GROUPS 1
  BUFFER_POOL DEFAULT FLASH_CACHE DEFAULT CELL_FLASH_CACHE DEFAULT)
  TABLESPACE "DATA"  ENABLE;
--------------------------------------------------------
--  Constraints for Table STAFF
--------------------------------------------------------

  ALTER TABLE "ADMIN"."STAFF" MODIFY ("ID" NOT NULL ENABLE);
  ALTER TABLE "ADMIN"."STAFF" MODIFY ("FIRSTNAME" NOT NULL ENABLE);
  ALTER TABLE "ADMIN"."STAFF" MODIFY ("LASTNAME" NOT NULL ENABLE);
  ALTER TABLE "ADMIN"."STAFF" MODIFY ("GENDER" NOT NULL ENABLE);
  ALTER TABLE "ADMIN"."STAFF" ADD CONSTRAINT "STAFF_PK" PRIMARY KEY ("ID")
  USING INDEX PCTFREE 10 INITRANS 20 MAXTRANS 255 COMPUTE STATISTICS 
  STORAGE(INITIAL 65536 NEXT 1048576 MINEXTENTS 1 MAXEXTENTS 2147483645
  PCTINCREASE 0 FREELISTS 1 FREELIST GROUPS 1
  BUFFER_POOL DEFAULT FLASH_CACHE DEFAULT CELL_FLASH_CACHE DEFAULT)
  TABLESPACE "DATA"  ENABLE;
--------------------------------------------------------
--  Constraints for Table VOLUNTEERS
--------------------------------------------------------

  ALTER TABLE "ADMIN"."VOLUNTEERS" MODIFY ("ID" NOT NULL ENABLE);
  ALTER TABLE "ADMIN"."VOLUNTEERS" MODIFY ("FIRSTNAME" NOT NULL ENABLE);
  ALTER TABLE "ADMIN"."VOLUNTEERS" MODIFY ("LASTNAME" NOT NULL ENABLE);
  ALTER TABLE "ADMIN"."VOLUNTEERS" MODIFY ("EMAIL" NOT NULL ENABLE);
  ALTER TABLE "ADMIN"."VOLUNTEERS" MODIFY ("GENDER" NOT NULL ENABLE);
  ALTER TABLE "ADMIN"."VOLUNTEERS" MODIFY ("NIN_NUM" NOT NULL ENABLE);
  ALTER TABLE "ADMIN"."VOLUNTEERS" MODIFY ("NUM_OF_YEARS" NOT NULL ENABLE);
  ALTER TABLE "ADMIN"."VOLUNTEERS" ADD CONSTRAINT "VOLUNTEERS_PK" PRIMARY KEY ("ID")
  USING INDEX PCTFREE 10 INITRANS 20 MAXTRANS 255 COMPUTE STATISTICS 
  STORAGE(INITIAL 65536 NEXT 1048576 MINEXTENTS 1 MAXEXTENTS 2147483645
  PCTINCREASE 0 FREELISTS 1 FREELIST GROUPS 1
  BUFFER_POOL DEFAULT FLASH_CACHE DEFAULT CELL_FLASH_CACHE DEFAULT)
  TABLESPACE "DATA"  ENABLE;
--------------------------------------------------------
--  Constraints for Table VOL_DEPT
--------------------------------------------------------

  ALTER TABLE "ADMIN"."VOL_DEPT" MODIFY ("VOLUNTEERS_ID" NOT NULL ENABLE);
  ALTER TABLE "ADMIN"."VOL_DEPT" MODIFY ("DEPT_ID" NOT NULL ENABLE);
  ALTER TABLE "ADMIN"."VOL_DEPT" ADD CONSTRAINT "VOL_DEPT_PK" PRIMARY KEY ("VOLUNTEERS_ID", "DEPT_ID")
  USING INDEX PCTFREE 10 INITRANS 20 MAXTRANS 255 COMPUTE STATISTICS 
  STORAGE(INITIAL 65536 NEXT 1048576 MINEXTENTS 1 MAXEXTENTS 2147483645
  PCTINCREASE 0 FREELISTS 1 FREELIST GROUPS 1
  BUFFER_POOL DEFAULT FLASH_CACHE DEFAULT CELL_FLASH_CACHE DEFAULT)
  TABLESPACE "DATA"  ENABLE;
--------------------------------------------------------
--  Ref Constraints for Table ALUMNI
--------------------------------------------------------

  ALTER TABLE "ADMIN"."ALUMNI" ADD CONSTRAINT "ALUMNI_ORPHANS_FK" FOREIGN KEY ("ORPHANS_ID")
	  REFERENCES "ADMIN"."ORPHANS" ("ID") ENABLE;
  ALTER TABLE "ADMIN"."ALUMNI" ADD CONSTRAINT "ALUMNI_ADOPTIVE_PARENTS_FK" FOREIGN KEY ("ADOPTIVE_PARENTS_ID")
	  REFERENCES "ADMIN"."ADOPTIVE_PARENTS" ("ID") ENABLE;
--------------------------------------------------------
--  Ref Constraints for Table ORPHANS
--------------------------------------------------------

  ALTER TABLE "ADMIN"."ORPHANS" ADD CONSTRAINT "ORPHANS_DONOR_FK" FOREIGN KEY ("DONOR_ID")
	  REFERENCES "ADMIN"."DONOR" ("ID") ON DELETE CASCADE ENABLE;
--------------------------------------------------------
--  Ref Constraints for Table ORPHAN_DONOR
--------------------------------------------------------

  ALTER TABLE "ADMIN"."ORPHAN_DONOR" ADD CONSTRAINT "ORPHAN_DONOR_DONOR_FK" FOREIGN KEY ("DONOR_ID")
	  REFERENCES "ADMIN"."DONOR" ("ID") ENABLE;
  ALTER TABLE "ADMIN"."ORPHAN_DONOR" ADD CONSTRAINT "ORPHAN_DONOR_ORPHANS_FK" FOREIGN KEY ("ORPHANS_ID")
	  REFERENCES "ADMIN"."ORPHANS" ("ID") ENABLE;
--------------------------------------------------------
--  Ref Constraints for Table STAFF
--------------------------------------------------------

  ALTER TABLE "ADMIN"."STAFF" ADD CONSTRAINT "STAFF_DEPT_FK" FOREIGN KEY ("DEPT_ID")
	  REFERENCES "ADMIN"."DEPT" ("ID") ENABLE;
--------------------------------------------------------
--  Ref Constraints for Table VOL_DEPT
--------------------------------------------------------

  ALTER TABLE "ADMIN"."VOL_DEPT" ADD CONSTRAINT "VOL_DEPT_DEPT_FK" FOREIGN KEY ("DEPT_ID")
	  REFERENCES "ADMIN"."DEPT" ("ID") ENABLE;
  ALTER TABLE "ADMIN"."VOL_DEPT" ADD CONSTRAINT "VOL_DEPT_VOLUNTEERS_FK" FOREIGN KEY ("VOLUNTEERS_ID")
	  REFERENCES "ADMIN"."VOLUNTEERS" ("ID") ENABLE;

update orphans set parents_id = 1 where firstname = 'teddy';
update orphans set parents_id = 2 where firstname = 'kante';
update orphans set parents_id = 2 where firstname = 'arinola';
update orphans set parents_id = 3 where firstname = 'odense';
update orphans set parents_id = 4 where firstname = 'kafaya';
update orphans set parents_id = 5 where firstname = 'paul';